url,STRING : esrb,STRING : publisher,STRING : genre,STRING : developer
videogame/ps2.gamespy.com/hackgu.html,Teen,Bandai,RPG,CyberConnect2
videogame/ps2.gamespy.com/hackgu-part-3.html,Teen,Bandai,RPG,CyberConnect2
videogame/ps2.gamespy.com/24.html,Mature,2K Games / Sony Computer Entertainment,Action,SCE Studios Cambridge
videogame/ps2.gamespy.com/50-cent-bulletproof.html,Mature,Vivendi Games,Action,Genuine Games
videogame/ps2.gamespy.com/atv-offroad-fury-3.html,Everyone,Sony Computer Entertainment,Racing,Climax Studios
videogame/ps2.gamespy.com/atv-offroad-fury-4.html,Everyone,Sony Computer Entertainment / SCEA,Racing,Climax Studios
videogame/ps2.gamespy.com/atv-quad-power-racing-2.html,Everyone,Acclaim Entertainment,Racing,Climax Studios
videogame/ps2.gamespy.com/ace-combat-5-the-unsung-war.html,Teen,Namco,"Flight, Action",Project Aces
videogame/ps2.gamespy.com/ace-combat-zero-the-belkan-war.html,Rating Pending,Namco,"Flight, Action",Project Aces
videogame/ps2.gamespy.com/alias.html,Teen,Acclaim Entertainment,Action,Acclaim Studios Cheltenham
videogame/ps2.gamespy.com/alien-hominid.html,Teen,O~3 Entertainment,Shooter,The Behemoth
videogame/ps2.gamespy.com/ape-escape-3.html,Everyone 10+,Sony Computer Entertainment,"Action, Adventure",SCE Studios Japan
videogame/ps2.gamespy.com/arcana-hearts.html,Teen,Atlus,Fighting,EXAMU
videogame/ps2.gamespy.com/area-51.html,Mature,Midway Games,Shooter,Midway Studios - Austin
videogame/ps2.gamespy.com/afl-2006.html,Everyone 10+,Electronic Arts,Sports,Tiburon
videogame/ps2.gamespy.com/armored-core-nexus.html,Teen,FromSoftware,"Action, Simulation",FromSoftware
videogame/ps2.gamespy.com/iris-no-atelier-eternal-mana.html,Teen,NIS,RPG,Gust
videogame/ps2.gamespy.com/athens-2004-.html,Everyone,Sony Computer Entertainment,Sports,Eurocom
videogame/ps2.gamespy.com/b-boy.html,Teen,SouthPeak Interactive,Music,FreeStyleGames
videogame/ps2.gamespy.com/barnyard.html,Everyone 10+,THQ,Adventure,Blue Tongue
videogame/ps2.gamespy.com/gundam-battle-assault-3.html,Teen,Bandai,Fighting,Bandai
videogame/ps2.gamespy.com/battlefield-modern-combat.html,Teen,Electronic Arts,Shooter,Digital Illusions CE (DICE)
videogame/ps2.gamespy.com/ben-10-protector-of-earth.html,Rating Pending,D3 Publisher,Action,High Voltage Software
videogame/ps2.gamespy.com/blitz-playmakers.html,Mature,Midway Games,"Sports, Action",Midway Games
videogame/ps2.gamespy.com/bloodrayne.html,Mature,Majesco,Action,Terminal Reality
videogame/ps2.gamespy.com/brave-the-search-for-spirit-dancer.html,Everyone 10+,Evolved Games,"Action, Adventure",Vis Entertainment
videogame/ps2.gamespy.com/brothers-in-arms-2.html,Mature,Ubisoft,Shooter,Gearbox Software
videogame/ps2.gamespy.com/brothers-in-arms.html,Mature,Ubisoft,Shooter,Gearbox Software
videogame/ps2.gamespy.com/bujingai-the-forsaken-city.html,Teen,BAM! Entertainment,Action,Red Entertainment
videogame/ps2.gamespy.com/bully.html,Teen,Rockstar Games,Action,Rockstar Vancouver
videogame/ps2.gamespy.com/burnout-3.html,Teen,Electronic Arts,Racing,Criterion Games
videogame/ps2.gamespy.com/burnout-dominator.html,Everyone 10+,Electronic Arts,Racing,EA UK
videogame/ps2.gamespy.com/burnout-4.html,Everyone 10+,Electronic Arts,Racing,Criterion Games
videogame/ps2.gamespy.com/cabelas-big-game-hunter.html,Teen,Activision,Hunting,Sand Grain Studios
videogame/ps2.gamespy.com/call-of-duty-2.html,Teen,Activision,Shooter,Treyarch
videogame/ps2.gamespy.com/call-of-duty-finest-hour.html,Teen,Activision,Shooter,Spark Unlimited
videogame/ps2.gamespy.com/castlevania-curse-of-darkness.html,Mature,Konami,"Action, Adventure",Konami TYO
videogame/ps2.gamespy.com/crash-bandicoot-the-wrath-of-cortex.html,Everyone,Universal Interactive / Konami,Platformer,Traveller's Tales
videogame/ps2.gamespy.com/crash-nitro-kart.html,Everyone,Vivendi Games,"Racing, Action",Vicarious Visions
videogame/ps2.gamespy.com/crash-tag-team-racing.html,Everyone 10+,Vivendi Games,"Racing, Action",Radical Entertainment
videogame/ps2.gamespy.com/crazy-frog-racer.html,Everyone,N/A,Racing,Neko Entertainment
videogame/ps2.gamespy.com/driv3r.html,Mature,Atari,"Racing, Action",Reflections Interactive
videogame/ps2.gamespy.com/dt-racer.html,Everyone,XS Games,Racing,Axis Entertainment
videogame/ps2.gamespy.com/seiken-densetsu-project.html,Teen,Square Enix,"Action, RPG",Square Enix
videogame/ps2.gamespy.com/def-jam-vendetta-2.html,Mature,Electronic Arts,Wrestling,Aki Corporation
videogame/ps2.gamespy.com/destroy-all-humans-2.html,Teen,THQ,Action,Pandemic Studios
videogame/ps2.gamespy.com/devil-may-cry-2.html,Mature,Capcom,Action,Capcom Production Studio 1
videogame/ps2.gamespy.com/devil-may-cry-3.html,Mature,Capcom,Action,Capcom Production Studio 1
videogame/ps2.gamespy.com/digimon-rumble-arena-2.html,Teen,Bandai,"Fighting, Action",Bandai
videogame/ps2.gamespy.com/final-fantasy-vii-2006.html,Teen,Square Enix,Action,Square Enix
videogame/ps2.gamespy.com/disgaea-2.html,Teen,NIS,"Strategy, RPG",NIS
videogame/ps2.gamespy.com/dragon-ball-z-sparking.html,Teen,Atari,Fighting,Spike
videogame/ps2.gamespy.com/dragon-ball-z-tenkaichi-neo.html,Teen,Atari / Namco Bandai,Fighting,Spike
videogame/ps2.gamespy.com/dragon-ball-z-budokai-3.html,Teen,Atari,Fighting,Dimps
videogame/ps2.gamespy.com/dragon-ball-z-budokai-tenkaichi-3-.html,Teen,Atari,Fighting,Spike
videogame/ps2.gamespy.com/dragon-warrior-viii.html,Teen,Square Enix,RPG,Level-5
videogame/ps2.gamespy.com/driver-4-working-title.html,Mature,Atari,Action,Reflections Interactive
videogame/ps2.gamespy.com/duel-masters.html,Everyone,Atari,"Card, Battle",High Voltage Software
videogame/ps2.gamespy.com/dynasty-warriors-4.html,Teen,KOEI,Action,Omega Force
videogame/ps2.gamespy.com/dynasty-warriors-5.html,Teen,KOEI,Action,Omega Force
videogame/ps2.gamespy.com/espn-nba-2005.html,Everyone,SEGA / Global Star,Sports,Visual Concepts
videogame/ps2.gamespy.com/espn-nba-basketball.html,Everyone,SEGA / ESPN Videogames,Sports,Visual Concepts
videogame/ps2.gamespy.com/endgame.html,Teen,Empire Interactive,Shooter,Cunning Developments
videogame/ps2.gamespy.com/eragon.html,Teen,Vivendi Games,Adventure,Stormfront Studios
videogame/ps2.gamespy.com/fifa-soccer-07.html,Everyone,Electronic Arts,Sports,EA Canada
videogame/ps2.gamespy.com/fifa-soccer-2004.html,Everyone,Electronic Arts,Sports,EA Canada
videogame/ps2.gamespy.com/fifa-soccer-2005.html,Everyone,Electronic Arts,Sports,EA Canada
videogame/ps2.gamespy.com/family-guy.html,Mature,2K Games,"Action, Adventure",High Voltage Software
videogame/ps2.gamespy.com/fantastic-four.html,Teen,Activision,"Action, Adventure",7 Studios
videogame/ps2.gamespy.com/fatal-frame-3.html,Mature,Tecmo,Adventure,Tecmo
videogame/ps2.gamespy.com/ea-sports-fight-night-2004.html,Teen,Electronic Arts,Sports,EA Canada
videogame/ps2.gamespy.com/ea-sports-fight-night-round-3.html,Teen,Electronic Arts,Sports,EA Chicago
videogame/ps2.gamespy.com/final-fantasy-x.html,Teen,Square Electronic Arts (US),RPG,Square
videogame/ps2.gamespy.com/final-fantasy-xii.html,Teen,Square Enix,RPG,Square Enix
videogame/ps2.gamespy.com/final-fight-streetwise.html,Mature,Capcom,"Fighting, Action",Capcom
videogame/ps2.gamespy.com/flatout.html,Teen,Empire Interactive,"Racing, Action",Bugbear Entertainment
videogame/ps2.gamespy.com/flatout-2.html,Teen,Vivendi Games / Empire Interactive,Racing,Bugbear Entertainment
videogame/ps2.gamespy.com/ford-street-racing.html,Everyone,Empire Interactive / Eidos Interactive,Racing,Razorworks
videogame/ps2.gamespy.com/ford-racing-3.html,Everyone,Empire Interactive / 2K Games,Racing,Razorworks
videogame/ps2.gamespy.com/front-mission-4.html,Teen,Square Enix,Strategy,Square Enix
videogame/ps2.gamespy.com/gallop-racer-lucky-7.html,Everyone,Tecmo,Simulation,Tecmo
videogame/ps2.gamespy.com/gallop-racer-8.html,Everyone,Tecmo,"Racing, Simulation",Tecmo
videogame/ps2.gamespy.com/hackinfection-part-1.html,Teen,Bandai,"Action, RPG",CyberConnect2
videogame/ps2.gamespy.com/notorious-die-to-drive.html,Mature,Ubisoft,"Racing, Action",Ubisoft Paris (France)
videogame/ps2.gamespy.com/7-sins.html,TBA,Atari,Simulation,Monte Cristo
videogame/ps2.gamespy.com/ace-combat-4-shattered-skies.html,Everyone,Namco,"Flight, Action",Namco
videogame/ps2.gamespy.com/alter-echo.html,TBA,THQ,Sampler,Outrage
videogame/ps2.gamespy.com/aqua-teen-hunger-force-zombie-ninja-pro-am.html,Mature,Midway Games,"Racing, Action",Creat Studio
videogame/ps2.gamespy.com/ar-tonelico.html,Teen,NIS / Banpresto,RPG,Gust
videogame/ps2.gamespy.com/armored-core-last-raven.html,Teen,FromSoftware,"Action, Simulation",FromSoftware
videogame/ps2.gamespy.com/astro-boy.html,Everyone,SEGA,Action,Sonic Team
videogame/ps2.gamespy.com/auto-modellista.html,Everyone,Capcom,Racing,Capcom Production Studio 1
videogame/ps2.gamespy.com/baroque.html,Teen,Atlus,RPG,Sting
videogame/ps2.gamespy.com/beatmania.html,Everyone 10+,Konami,Music,Konami
videogame/ps2.gamespy.com/buzz-the-mega-quiz.html,Everyone 10+,Sony Computer Entertainment,Trivia,Relentless Software
videogame/ps2.gamespy.com/buzz-the-hollywood-quiz.html,Teen,Sony Computer Entertainment,Trivia,SCEE
videogame/ps2.gamespy.com/castlevania-lament-of-innocence.html,Mature,Konami,"Action, Adventure",Konami TYO
videogame/ps2.gamespy.com/chaos-wars.html,Teen,O~3 Entertainment,Strategy,Idea Factory
videogame/ps2.gamespy.com/conflict-desert-storm.html,Teen,Gotham Games,Action,SCi Entertainment Group
videogame/ps2.gamespy.com/crazy-taxi.html,Teen,Acclaim Entertainment,"Racing, Action",Acclaim Studios Cheltenham
videogame/ps2.gamespy.com/curious-george.html,Everyone,Namco,Platformer,Monkey Bar Games
videogame/ps2.gamespy.com/dead-to-rights.html,Mature,Namco,Action,Namco
videogame/ps2.gamespy.com/def-jam-vendetta.html,Teen,Electronic Arts,Wrestling,Aki Corporation
videogame/ps2.gamespy.com/devil-kings.html,Teen,Capcom,Action,Capcom Production Studio 4
videogame/ps2.gamespy.com/digimon-survivors-another-mission.html,Everyone 10+,Namco Bandai,RPG,BEC
videogame/ps2.gamespy.com/dino-stalker.html,Mature,Capcom,Shooter,Capcom Production Studio 3
videogame/ps2.gamespy.com/enthusia-professional-racing.html,Everyone,Konami,Racing,Konami Studios
videogame/ps2.gamespy.com/everblue-2.html,Everyone,Capcom,Adventure,Arika
videogame/ps2.gamespy.com/evil-dead-regeneration.html,Mature,THQ,Action,Cranky Pants Games
videogame/ps2.gamespy.com/f1-2002.html,Everyone,Electronic Arts,"Racing, Simulation",Visual Sciences
videogame/ps2.gamespy.com/fatal-fury-battle-archives-volume-1.html,Teen,SNK Playmore,"Fighting, Compilation",SNK Playmore
videogame/ps2.gamespy.com/fatal-fury-archives-2.html,Teen,SNK Playmore,Fighting,SNK Playmore
videogame/ps2.gamespy.com/ford-vs-chevy.html,Everyone,2K Games,Racing,Eutechnyx
videogame/ps2.gamespy.com/george-of-the-jungle.html,Everyone,Crave Entertainment,Action,
videogame/ps2.gamespy.com/gran-turismo-4-prologue.html,TBA,Sony Computer Entertainment,Racing,Polyphony Digital
videogame/ps2.gamespy.com/gran-turismo-concept-2002-tokyo-geneva.html,Everyone,Sony Computer Entertainment,Sampler,Polyphony Digital
videogame/ps2.gamespy.com/grand-theft-auto-san-andreas.html,Mature,Rockstar Games,"Action, Adventure",Rockstar North
videogame/ps2.gamespy.com/grimgrimoire.html,Everyone 10+,NIS,Strategy,Vanillaware
videogame/ps2.gamespy.com/guilty-gear-x.html,Teen,Sammy Corporation,Fighting,ARC System Works
videogame/ps2.gamespy.com/guilty-gear-x2.html,Teen,Sammy Corporation,Fighting,ARC System Works
videogame/ps2.gamespy.com/harry-potter-and-the-goblet-of-fire.html,Everyone 10+,Electronic Arts,"Action, Adventure",EA UK
videogame/ps2.gamespy.com/haven-call-of-the-king.html,Teen,Midway Games,Platformer,Traveller's Tales
videogame/ps2.gamespy.com/hot-shots-tennis.html,Everyone,Sony Computer Entertainment,Sports,Clap Hanz
videogame/ps2.gamespy.com/hot-wheels-velocity-x.html,Everyone,THQ,Racing,Beyond Games
videogame/ps2.gamespy.com/iron-man-2008.html,Teen,SEGA,Action,A2M (Artificial Mind and Movement)
videogame/ps2.gamespy.com/james-bond-007-nightfire.html,Teen,Electronic Arts,Shooter,Eurocom
videogame/ps2.gamespy.com/karaoke-revolution-party.html,Everyone 10+,Konami,Music,Harmonix
videogame/ps2.gamespy.com/lumines-plus.html,Everyone,Disney Interactive Studios,"Music, Action",Q Entertainment
videogame/ps2.gamespy.com/lupin-the-3rd-treasure-of-the-sorcerer-king.html,Teen,Bandai,Adventure,Banpresto
videogame/ps2.gamespy.com/gundam-true-odyssey.html,Everyone 10+,Bandai,RPG,BEC
videogame/ps2.gamespy.com/mvp-baseball-2003.html,Everyone,Electronic Arts,Sports,EA Canada
videogame/ps2.gamespy.com/mx-2002-featuring-ricky-carmichael.html,Everyone,THQ,Racing,Pacific Coast Power and Light (PC&L)
videogame/ps2.gamespy.com/mafia.html,Mature,Gathering / Take-Two Interactive,Action,Illusion Softworks
videogame/ps2.gamespy.com/magna-carta-crimson-stigmata.html,Teen,Atlus / 505 Games,RPG,Softmax
videogame/ps2.gamespy.com/max-payne-2-the-fall-of-max-payne.html,Mature,Rockstar Games / Take-Two Interactive,Action,Remedy
videogame/ps2.gamespy.com/metal-slug-4-5.html,Teen,SNK Playmore,Shooter,SNK Playmore
videogame/ps2.gamespy.com/monster-farm-5-circus-caravan.html,Everyone 10+,Tecmo,Battle,Tecmo
videogame/ps2.gamespy.com/moto-gp-3.html,Everyone,Namco,Racing,Namco
videogame/ps2.gamespy.com/narc.html,Mature,Midway Games,Action,Point of View
videogame/ps2.gamespy.com/nascar-thunder-2003.html,Everyone,Electronic Arts,Racing,Tiburon
videogame/ps2.gamespy.com/nba-live-2003.html,Everyone,Electronic Arts,Sports,EA Canada
videogame/ps2.gamespy.com/nba-live-2004.html,Everyone,Electronic Arts,Sports,EA Canada
videogame/ps2.gamespy.com/nba-street.html,Everyone,Electronic Arts,Sports,EA Canada
videogame/ps2.gamespy.com/ncaa-football-2004.html,Everyone,Electronic Arts,Sports,Tiburon
videogame/ps2.gamespy.com/nhl-06.html,Everyone 10+,Electronic Arts,Sports,EA Canada
videogame/ps2.gamespy.com/nhl-2004.html,Everyone,Electronic Arts,Sports,Black Box
videogame/ps2.gamespy.com/namco-museum-50th-anniversary-arcade-collection.html,Everyone 10+,Namco,Compilation,Digital Eclipse Software
videogame/ps2.gamespy.com/namco-x-capcom.html,TBA,Namco,"Strategy, RPG",Monolith Software (JP)
videogame/ps2.gamespy.com/need-for-speed-underground.html,Everyone,Electronic Arts,Racing,Black Box
videogame/ps2.gamespy.com/obscure-ii.html,Mature,Ignition Entertainment / Playlogic,"Action, Adventure",Hydravision Entertainment
videogame/ps2.gamespy.com/winning-eleven-pro-evolution-soccer-2008.html,Everyone,Konami,Sports,Konami
videogame/ps2.gamespy.com/r-type-final.html,Everyone,Eidos Interactive,Shooter,Irem Software Engineering
videogame/ps2.gamespy.com/ratchet-and-clank.html,Teen,Sony Computer Entertainment,Platformer,Insomniac Games
videogame/ps2.gamespy.com/ratchet-clank-size-matters.html,Everyone 10+,Sony Computer Entertainment,Action,High Impact Games
videogame/ps2.gamespy.com/real-world-golf.html,Everyone,Valcon Games,Sports,Aqua Pacific
videogame/ps2.gamespy.com/reign-of-fire.html,Mature,BAM! Entertainment,Action,Kuju Entertainment
videogame/ps2.gamespy.com/reservoir-dogs.html,Mature,Eidos Interactive / Volatile Games,"Action, Adventure",Volatile Games
videogame/ps2.gamespy.com/snk-arcade-classics-volume-1.html,Teen,SNK Playmore,"Action, Compilation",SNK
videogame/ps2.gamespy.com/socom-us-navy-seals-combined-assault.html,Teen,Sony Computer Entertainment,Shooter,Zipper Interactive
videogame/ps2.gamespy.com/ssx-3.html,Everyone,Electronic Arts,Sports,EA Canada
videogame/ps2.gamespy.com/swat-global-strike-team.html,Mature,Vivendi Games,Shooter,Argonaut Games
videogame/ps2.gamespy.com/sea-monsters-national-geographic.html,Everyone 10+,"Destination Software, Inc. (DSI)",Adventure,Atomic Planet
videogame/ps2.gamespy.com/shadow-hearts.html,Mature,Midway Games,RPG,Sacnoth
videogame/ps2.gamespy.com/shaman-king-master-spirits.html,TBA,Bandai,Fighting,
videogame/ps2.gamespy.com/silent-hill-3.html,Mature,Konami,Adventure,Konami TYO
videogame/ps2.gamespy.com/singstar-90s-game-only.html,Teen,Sony Computer Entertainment,Music,
videogame/ps2.gamespy.com/singstar-pop.html,Rating Pending,Sony Computer Entertainment,Music,SCE Studios London
videogame/ps2.gamespy.com/soul-cradle.html,Teen,NIS,Strategy,NIS
videogame/ps2.gamespy.com/ct-special-forces-fire-for-effect.html,Mature,Hip Interactive,Action,Asobo Studio
videogame/ps2.gamespy.com/spyhunter-the-movie.html,Teen,Midway Games,"Racing, Action",Terminal Reality
videogame/ps2.gamespy.com/spyro-v-working-title.html,Everyone,Vivendi Games,Platformer,Eurocom
videogame/ps2.gamespy.com/spyro-enter-the-dragonfly.html,Everyone,Universal Interactive,Platformer,Check Six Games
videogame/ps2.gamespy.com/genso-suikoden-v.html,Teen,Konami,RPG,Konami
videogame/ps2.gamespy.com/tekken-4.html,Teen,Namco,Fighting,Namco
videogame/ps2.gamespy.com/test-drive.html,Teen,Infogrames,Racing,Pitbull Syndicate
videogame/ps2.gamespy.com/test-drive-project.html,Everyone 10+,Atari,Racing,Melbourne House
videogame/ps2.gamespy.com/the-ant-bully.html,Everyone 10+,Midway Games,Action,A2M (Artificial Mind and Movement)
videogame/ps2.gamespy.com/the-fast-and-the-furious-tokyo-drift.html,Rating Pending,Namco Bandai,Racing,Eutechnyx
videogame/ps2.gamespy.com/the-king-of-route-66.html,Teen,SEGA,Racing,SEGA-AM2
videogame/ps2.gamespy.com/the-lord-of-the-rings-the-two-towers.html,Teen,Electronic Arts,Action,Stormfront Studios
videogame/ps2.gamespy.com/the-mark-of-kri.html,Mature,Sony Computer Entertainment,Action,SCE Studios San Diego
videogame/ps2.gamespy.com/tourist-trophy-the-real-riding-simulator.html,Everyone,Sony Computer Entertainment,Racing,Polyphony Digital
videogame/ps2.gamespy.com/uefa-euro-2004.html,Everyone,Electronic Arts,Sports,EA Canada
videogame/ps2.gamespy.com/uefa-euro-2008.html,Rating Pending,Electronic Arts,Sports,
videogame/ps2.gamespy.com/virtua-fighter-4.html,Teen,SEGA,Fighting,SEGA-AM2
videogame/ps2.gamespy.com/virtua-fighter-4-evolution.html,Teen,SEGA,Fighting,SEGA-AM2
videogame/ps2.gamespy.com/virtual-view-megumi-eyes-play.html,TBA,Pony Canyon,Other,
videogame/ps2.gamespy.com/wwe-crush-hour.html,Teen,THQ,"Racing, Action",Pacific Coast Power and Light (PC&L)
videogame/ps2.gamespy.com/wakeboarding-unleashed-featuring-shaun-murray.html,Everyone,Activision,Sports,Shaba Games
videogame/ps2.gamespy.com/wild-arms-3.html,Teen,Sony Computer Entertainment,RPG,Media.Vision
videogame/ps2.gamespy.com/x2-wolverines-revenge.html,Teen,Activision,Action,GenePool Software
videogame/ps2.gamespy.com/xiii.html,Mature,Ubisoft,Shooter,Ubisoft Paris (France)
videogame/ps2.gamespy.com/gauntlet-seven-sorrows.html,Teen,Midway Games,Action,Midway Games
videogame/ps2.gamespy.com/generation-of-chaos.html,TBA,Idea Factory,"Strategy, RPG",Never-Land Company
videogame/ps2.gamespy.com/genji.html,Mature,Sony Computer Entertainment,Action,Game Republic (JP)
videogame/ps2.gamespy.com/ghost-rider.html,Teen,2K Games,Action,Climax Studios
videogame/ps2.gamespy.com/god-hand.html,Mature,Capcom,Action,Clover Studio
videogame/ps2.gamespy.com/god-of-war.html,Mature,Sony Computer Entertainment,"Action, Adventure",SCE Studios Santa Monica
videogame/ps2.gamespy.com/god-of-war-2-divine-retribution.html,Mature,Sony Computer Entertainment,"Action, Adventure",SCE Studios Santa Monica
videogame/ps2.gamespy.com/godzilla-save-the-earth.html,Teen,Atari,"Fighting, Action",Pipeworks Software
videogame/ps2.gamespy.com/james-bond-007-goldeneye-2.html,Teen,Electronic Arts,Shooter,EA Los Angeles
videogame/ps2.gamespy.com/gran-turismo-3-a-spec.html,Everyone,Sony Computer Entertainment,"Racing, Simulation",Polyphony Digital
videogame/ps2.gamespy.com/gran-turismo-4.html,Everyone,Sony Computer Entertainment,Racing,Polyphony Digital
videogame/ps2.gamespy.com/grand-theft-auto-iii.html,Mature,Rockstar Games,"Action, Adventure",DMA Design
videogame/ps2.gamespy.com/grand-theft-auto-liberty-city-stories.html,Mature,Rockstar Games,Action,Rockstar Leeds
videogame/ps2.gamespy.com/grand-theft-auto-san-andreas-special-edition.html,Mature,Rockstar Games,"Action, Adventure",Rockstar North
videogame/ps2.gamespy.com/grand-theft-auto-vice-city.html,Mature,Rockstar Games,"Action, Adventure",Rockstar North
videogame/ps2.gamespy.com/grandia-iii.html,Teen,Square Enix,RPG,Game Arts
videogame/ps2.gamespy.com/growlanser-generations.html,Teen,Working Designs,"Strategy, RPG",Career Soft
videogame/ps2.gamespy.com/guitar-hero.html,Teen,RedOctane,Music,Harmonix
videogame/ps2.gamespy.com/guitar-hero-ii-rocks-the-80s.html,Teen,RedOctane,Music,Harmonix
videogame/ps2.gamespy.com/guitar-hero-2.html,Teen,RedOctane / Activision,Music,Harmonix
videogame/ps2.gamespy.com/guitar-hero-iii.html,Teen,RedOctane,Music,Neversoft Entertainment
videogame/ps2.gamespy.com/gumball-3000.html,TBA,SCi Entertainment Group,Racing,Climax Studios
videogame/ps2.gamespy.com/gun.html,Mature,Activision,Shooter,Neversoft Entertainment
videogame/ps2.gamespy.com/gungrave-od.html,Mature,Mastiff,Shooter,Red Entertainment
videogame/ps2.gamespy.com/demento.html,Mature,Capcom,Adventure,Capcom Production Studio 1
videogame/ps2.gamespy.com/hitman-blood-money.html,Mature,Eidos Interactive,Action,Io Interactive
videogame/ps2.gamespy.com/hitman-contracts.html,Mature,Eidos Interactive,"Action, Adventure",Io Interactive
videogame/ps2.gamespy.com/hot-shots-golf-fore.html,Everyone,Sony Computer Entertainment,Sports,Clap Hanz
videogame/ps2.gamespy.com/ico.html,Teen,Sony Computer Entertainment,Adventure,SCEI
videogame/ps2.gamespy.com/inuyasha-feudal-combat.html,Teen,Bandai,Fighting,Eighting
videogame/ps2.gamespy.com/sole-predator.html,Mature,Majesco,Action,Appaloosa Interactive
videogame/ps2.gamespy.com/jak-x.html,Teen,Sony Computer Entertainment,Racing,Naughty Dog Software
videogame/ps2.gamespy.com/rise-to-honor.html,Teen,Sony Computer Entertainment,"Fighting, Action",Sony Computer Entertainment
videogame/ps2.gamespy.com/juiced.html,Teen,THQ,Racing,Juice Games
videogame/ps2.gamespy.com/justice-league-of-america.html,Teen,Warner Bros. Interactive,"Action, RPG",Snowblind Studios
videogame/ps2.gamespy.com/katamari-damashii.html,Everyone,Namco,Action,Namco
videogame/ps2.gamespy.com/kelly-slaters-pro-surfer.html,Everyone,Activision,Sports,Treyarch
videogame/ps2.gamespy.com/kessen.html,Teen,Electronic Arts,Strategy,KOEI
videogame/ps2.gamespy.com/killzone.html,Mature,Sony Computer Entertainment,Shooter,Guerrilla Games
videogame/ps2.gamespy.com/kingdom-hearts.html,Everyone,Square Electronic Arts (US),"Action, RPG",Square
videogame/ps2.gamespy.com/kingdom-hearts-ii.html,Everyone 10+,Square Enix,"Action, RPG",Square Enix
videogame/ps2.gamespy.com/la-rush.html,Teen,Midway Games,Racing,Midway Studios - Newcastle
videogame/ps2.gamespy.com/lego-indiana-jones-the-videogame.html,Everyone 10+,LucasArts,Adventure,Traveller's Tales
videogame/ps2.gamespy.com/lego-star-wars-the-original-trilogy.html,Everyone 10+,LucasArts / TT Games,Action,Traveller's Tales
videogame/ps2.gamespy.com/lego-star-wars.html,Everyone,Giant Interactive Entertainment / LucasArts,Action,Traveller's Tales
videogame/ps2.gamespy.com/tomb-raider-10th-anniversary-edition.html,Teen,Eidos Interactive,Adventure,Crystal Dynamics
videogame/ps2.gamespy.com/mlb-06-the-show.html,Everyone,Sony Computer Entertainment,Sports,SCE Studios San Diego
videogame/ps2.gamespy.com/mx-vs-atv-2008.html,Everyone,THQ,Racing,Incinerator Games
videogame/ps2.gamespy.com/madagascar.html,Everyone 10+,Activision,Action,Toys for Bob
videogame/ps2.gamespy.com/madden-nfl-2006.html,Everyone,Electronic Arts,Sports,Tiburon
videogame/ps2.gamespy.com/madden-nfl-07.html,Everyone,Electronic Arts,Sports,Tiburon
videogame/ps2.gamespy.com/madden-nfl-08.html,Everyone,Electronic Arts,Sports,Tiburon
videogame/ps2.gamespy.com/major-league-baseball-2k6.html,Everyone,2K Sports,Sports,Kush Games
videogame/ps2.gamespy.com/phantom-kingdom.html,Teen,NIS,"Strategy, RPG",NIS
videogame/ps2.gamespy.com/manhunt.html,Mature,Rockstar Games,Action,Rockstar North
videogame/ps2.gamespy.com/manhunt-2.html,Mature,Rockstar Games,Action,Rockstar London
videogame/ps2.gamespy.com/marc-eckos-getting-up-contents-under-pressure.html,Mature,Atari,"Action, Adventure",The Collective
videogame/ps2.gamespy.com/untitled-marvel-comics-rpg.html,Teen,Activision,"Action, RPG",Raven Software
videogame/ps2.gamespy.com/mega-man-x-collection.html,Everyone,Capcom,Compilation,Capcom
videogame/ps2.gamespy.com/mega-man-x8.html,Everyone,Capcom,Action,Capcom Production Studio 1
videogame/ps2.gamespy.com/mercenaries.html,Teen,LucasArts,Shooter,Pandemic Studios
videogame/ps2.gamespy.com/metal-gear-solid-3-snake-eater.html,Mature,Konami,Action,Konami JPN (KCEJ)
videogame/ps2.gamespy.com/metal-gear-solid-3-subsistence.html,Mature,Konami,Action,Kojima Productions
videogame/ps2.gamespy.com/micro-machines-v4.html,Everyone,Codemasters,Racing,Supersonic Software
videogame/ps2.gamespy.com/midnight-club-3-dub-edition.html,Everyone 10+,Rockstar Games,Racing,Rockstar San Diego
videogame/ps2.gamespy.com/monster-rancher-3.html,Everyone,Tecmo,Battle,Tecmo
videogame/ps2.gamespy.com/mortal-kombat-armageddon.html,Mature,Midway Games,Fighting,Midway Games
videogame/ps2.gamespy.com/mortal-kombat-deception.html,Mature,Midway Games,Fighting,Midway Games
videogame/ps2.gamespy.com/motogp-4.html,Everyone,Namco,"Racing, Simulation",Namco
videogame/ps2.gamespy.com/nascar-2001.html,Everyone,Electronic Arts,Racing,Electronic Arts
videogame/ps2.gamespy.com/nba-07.html,Everyone,Sony Computer Entertainment,Sports,SCE Studios San Diego
videogame/ps2.gamespy.com/nba-ballers.html,Everyone,Midway Games,"Sports, Action",Midway Games
videogame/ps2.gamespy.com/nba-live-2006.html,Everyone,Electronic Arts,Sports,EA Canada
videogame/ps2.gamespy.com/nba-live-2005.html,Everyone,Electronic Arts,"Sports, Simulation",EA Canada
videogame/ps2.gamespy.com/nba-street-v3.html,Everyone,Electronic Arts,"Sports, Action",EA Canada
videogame/ps2.gamespy.com/ncaa-football-2006.html,Everyone,Electronic Arts,Sports,Tiburon
videogame/ps2.gamespy.com/ncaa-march-madness-07.html,Everyone,Electronic Arts,Sports,EA Canada
videogame/ps2.gamespy.com/nfl-head-coach.html,Everyone,Electronic Arts,Sports,Tiburon
videogame/ps2.gamespy.com/nfl-street-3-.html,Everyone,Electronic Arts,"Sports, Action",Tiburon
videogame/ps2.gamespy.com/nhl-07.html,Everyone,Electronic Arts,Sports,EA Canada
videogame/ps2.gamespy.com/naruto-narutimett-hero.html,Teen,Namco Bandai,Fighting,CyberConnect2
videogame/ps2.gamespy.com/naruto-narutimate-hero-3.html,Teen,Namco Bandai,Fighting,CyberConnect2
videogame/ps2.gamespy.com/naruto-uzumaki-ninden.html,Teen,Bandai,Action,Cavia
videogame/ps2.gamespy.com/need-for-speed-carbon.html,Everyone 10+,Electronic Arts,Racing,Black Box
videogame/ps2.gamespy.com/need-for-speed-most-wanted.html,Teen,Electronic Arts,Racing,EA Canada
videogame/ps2.gamespy.com/need-for-speed-underground-2.html,Everyone,Electronic Arts,Racing,EA Canada
videogame/ps2.gamespy.com/obscure.html,Mature,DreamCatcher Interactive,"Action, Adventure",Hydravision Entertainment
videogame/ps2.gamespy.com/odin-sphere.html,Teen,Atlus,RPG,Vanillaware
videogame/ps2.gamespy.com/okami.html,Teen,Capcom,Adventure,Clover Studio
videogame/ps2.gamespy.com/from-tv-animation-one-piece-grand-battle-rush.html,Teen,Bandai,"Fighting, Action",Ganbarion
videogame/ps2.gamespy.com/one-piece-grand-adventure.html,Teen,Namco Bandai,Action,Ganbarion
videogame/ps2.gamespy.com/onimusha-3-demon-siege.html,Mature,Capcom,"Action, Adventure",Capcom Production Studio 2
videogame/ps2.gamespy.com/outrun-2006-coast-2-coast.html,Everyone,SEGA,Racing,Sumo Digital
videogame/ps2.gamespy.com/over-the-hedge.html,Everyone 10+,Activision,Action,Edge of Reality
videogame/ps2.gamespy.com/pac-man-world-rally.html,Everyone,Namco,"Racing, Action",Smart Bomb Interactive
videogame/ps2.gamespy.com/payout-poker-and-casino.html,Teen,Namco,Casino,Bits Studios
videogame/ps2.gamespy.com/phantasy-star-universe.html,Teen,SEGA,RPG,Sonic Team
videogame/ps2.gamespy.com/phantasy-star-universe-ambition-of-illuminus.html,Teen,SEGA,RPG,Sonic Team
videogame/ps2.gamespy.com/phantom-brave.html,Teen,NIS,"Strategy, RPG",NIS
videogame/ps2.gamespy.com/playboy-the-mansion.html,Mature,ARUSH Entertainment / Groove Games,Simulation,Cyberlore Studios (later Minerva)
videogame/ps2.gamespy.com/prince-of-persia-3.html,Mature,Ubisoft,"Action, Adventure",Ubisoft Montreal
videogame/ps2.gamespy.com/prince-of-persia-the-sands-of-time.html,Teen,Ubisoft,"Action, Adventure",Ubisoft Montreal
videogame/ps2.gamespy.com/snowblind.html,Teen,Eidos Interactive,Shooter,Crystal Dynamics
videogame/ps2.gamespy.com/psi-ops-the-mindgate-conspiracy.html,Mature,Midway Games,Action,Midway Games
videogame/ps2.gamespy.com/radiata-stories.html,Teen,Square Enix,RPG,tri-Ace
videogame/ps2.gamespy.com/ratchet-and-clank-up-your-arsenal.html,Teen,Sony Computer Entertainment,Action,Insomniac Games
videogame/ps2.gamespy.com/ratchet-deadlocked.html,Teen,Sony Computer Entertainment,Action,Insomniac Games
videogame/ps2.gamespy.com/red-dead-revolver.html,Mature,Rockstar Games,Shooter,Rockstar San Diego
videogame/ps2.gamespy.com/red-faction.html,Mature,THQ,Shooter,Volition
videogame/ps2.gamespy.com/resident-evil-4.html,Mature,Capcom,"Action, Adventure",Capcom
videogame/ps2.gamespy.com/resident-evil-outbreak.html,Mature,Capcom,Adventure,Capcom Production Studio 1
videogame/ps2.gamespy.com/resident-evil-outbreak-2.html,Mature,Capcom,"Action, Adventure",Capcom Production Studio 1
videogame/ps2.gamespy.com/the-mark-of-kri-part-ii.html,Mature,Sony Computer Entertainment,Action,Bottlerocket Entertainment
videogame/ps2.gamespy.com/rock-band-special-edition.html,Teen,MTV Games,Music,Pi Studios
videogame/ps2.gamespy.com/level-5-new-rpg-untitled.html,Teen,Sony Computer Entertainment,RPG,Level-5
videogame/ps2.gamespy.com/rogue-trooper.html,Teen,Eidos Interactive,Action,Rebellion
videogame/ps2.gamespy.com/san-goku-shi-xi.html,Everyone 10+,KOEI,Strategy,KOEI
videogame/ps2.gamespy.com/rule-of-rose.html,Mature,Atlus,Action,Punchline
videogame/ps2.gamespy.com/sega-ages-classics-collection.html,Teen,SEGA,"Action, Compilation",SEGA
videogame/ps2.gamespy.com/sega-genesis-collection.html,Teen,SEGA,"Action, Compilation",Backbone Entertainment
videogame/ps2.gamespy.com/socom-us-navy-seals-iii.html,Mature,Sony Computer Entertainment,Shooter,Zipper Interactive
videogame/ps2.gamespy.com/ssx-4.html,Everyone 10+,Electronic Arts,Sports,EA Canada
videogame/ps2.gamespy.com/samurai-warriors.html,Teen,KOEI,Action,Omega Force
videogame/ps2.gamespy.com/samurai-warriors-2.html,Teen,KOEI,Action,Omega Force
videogame/ps2.gamespy.com/scarface.html,Mature,Vivendi Games,Action,Radical Entertainment
videogame/ps2.gamespy.com/second-sight.html,Teen,Codemasters,"Action, Adventure",Free Radical Design
videogame/ps2.gamespy.com/shadow-hearts-ii.html,Teen,Midway Games / Aruze,RPG,Nautilus
videogame/ps2.gamespy.com/shadow-hearts-3.html,Teen,Aruze,RPG,Nautilus
videogame/ps2.gamespy.com/shadow-man-2econd-coming.html,Mature,Acclaim Entertainment,"Action, Adventure",Acclaim Studios Teeside
videogame/ps2.gamespy.com/ico-ii.html,Teen,Sony Computer Entertainment,Adventure,SCEI
videogame/ps2.gamespy.com/persona-3-fes-.html,Mature,Atlus,RPG,Atlus
videogame/ps2.gamespy.com/persona-3.html,Mature,Atlus,RPG,Atlus
videogame/ps2.gamespy.com/shining-force-ikuse.html,Everyone 10+,SEGA,"Action, RPG",
videogame/ps2.gamespy.com/shrek-superslam.html,Everyone 10+,Activision,Fighting,Shaba Games
videogame/ps2.gamespy.com/silent-hill-4-the-room.html,Mature,Konami,Adventure,Konami TYO
videogame/ps2.gamespy.com/siren-ii-working-title.html,TBA,Sony Computer Entertainment,Adventure,SCEI
videogame/ps2.gamespy.com/sly-2-band-of-thieves.html,Everyone,Sony Computer Entertainment,Platformer,Sucker Punch
videogame/ps2.gamespy.com/sly-3.html,Everyone 10+,Sony Computer Entertainment,Platformer,Sucker Punch
videogame/ps2.gamespy.com/sonic-heroes.html,Everyone,SEGA,Platformer,Sonic Team
videogame/ps2.gamespy.com/sonic-riders.html,Everyone,SEGA,"Racing, Action",Sonic Team
videogame/ps2.gamespy.com/soul-calibur-iii.html,Teen,Namco,Fighting,Project Soul
videogame/ps2.gamespy.com/spider-man-3.html,Teen,Activision,"Action, Adventure",Vicarious Visions
videogame/ps2.gamespy.com/spider-man-trilogy.html,Everyone 10+,Activision,Action,Next Level Games
videogame/ps2.gamespy.com/spy-fiction.html,Mature,Sammy Corporation,"Action, Adventure",Access Games (JP)
videogame/ps2.gamespy.com/stacked.html,Teen,Myelin Media,Card,5000ft
videogame/ps2.gamespy.com/star-wars-battlefront.html,Teen,LucasArts,Shooter,Pandemic Studios
videogame/ps2.gamespy.com/star-wars-episode-iii.html,Teen,LucasArts,Action,The Collective
videogame/ps2.gamespy.com/starsky-hutch.html,Teen,Empire Interactive / Gotham Games,"Racing, Action",Mind's Eye
videogame/ps2.gamespy.com/street-fighter-alpha-anthology.html,Teen,Capcom,"Fighting, Compilation",Capcom
videogame/ps2.gamespy.com/street-racing-syndicate.html,Teen,Namco,Racing,Eutechnyx
videogame/ps2.gamespy.com/dragon-ball-z-2005.html,Teen,Atari,Fighting,Crafts & Meister
videogame/ps2.gamespy.com/syphon-filter-the-omega-strain.html,Mature,Sony Computer Entertainment,Action,Sony Bend
videogame/ps2.gamespy.com/tak-3.html,Everyone,THQ,Platformer,Avalanche Software
videogame/ps2.gamespy.com/project-melfes.html,Teen,Namco,RPG,Namco
videogame/ps2.gamespy.com/tales-of-the-abyss.html,Teen,Namco,RPG,Team Symphonia (Namco Tales Studio)
videogame/ps2.gamespy.com/tekken-5.html,Teen,Namco,Fighting,Namco
videogame/ps2.gamespy.com/tenchu-kurenai.html,Mature,SEGA,Action,K2 (Japan)
videogame/ps2.gamespy.com/tenchu-wrath-of-heaven.html,Mature,Activision,Action,K2 (Japan)
videogame/ps2.gamespy.com/terminator-3-rise-of-the-machines.html,Teen,Atari,Shooter,Black Ops
videogame/ps2.gamespy.com/the-da-vinci-code.html,Teen,2K Games,Action,The Collective
videogame/ps2.gamespy.com/the-getaway-part-2.html,Mature,Sony Computer Entertainment,"Action, Adventure",SCE Studios Soho
videogame/ps2.gamespy.com/the-godfather.html,Mature,Electronic Arts,"Action, Adventure",EA Redwood Shores
videogame/ps2.gamespy.com/the-guy-game.html,Mature,Gathering,Trivia,Atomic Planet
videogame/ps2.gamespy.com/king-of-fighters-xi.html,Teen,SNK Playmore,Fighting,SNK Playmore
videogame/ps2.gamespy.com/spyro-6.html,Everyone 10+,Sierra,Platformer,Krome Studios
videogame/ps2.gamespy.com/enter-the-matrix-reloaded.html,Teen,Atari,Action,Shiny Entertainment
videogame/ps2.gamespy.com/the-simpsons.html,Teen,Electronic Arts,Action,Rebellion
videogame/ps2.gamespy.com/the-sims-2.html,Teen,Electronic Arts,Simulation,Maxis
videogame/ps2.gamespy.com/urban-sims-working-title.html,Teen,Electronic Arts,Simulation,Maxis
videogame/ps2.gamespy.com/the-warriors.html,Mature,Rockstar Games,Action,Rockstar Toronto
videogame/ps2.gamespy.com/tim-burtons-the-nightmare-before-christmas.html,Everyone 10+,Buena Vista Games,"Action, Adventure",Capcom Production Studio 3
videogame/ps2.gamespy.com/time-crisis-crisis-zone.html,Teen,Namco,Shooter,Namco
videogame/ps2.gamespy.com/tom-clancys-ghost-recon-2.html,Teen,Ubisoft,Shooter,Red Storm Entertainment
videogame/ps2.gamespy.com/tom-clancys-ghost-recon-3.html,Teen,Ubisoft,Shooter,Ubisoft Shanghai
videogame/ps2.gamespy.com/tom-clancys-ghost-recon-jungle-storm.html,Teen,Ubisoft,Shooter,Ubisoft
videogame/ps2.gamespy.com/rainbow-six-4-tentative-title.html,Mature,Ubisoft,Shooter,Red Storm Entertainment
videogame/ps2.gamespy.com/tom-clancys-rainbow-six-3.html,Mature,Ubisoft,Shooter,Ubisoft Shanghai
videogame/ps2.gamespy.com/tom-clancys-splinter-cell-chaos-theory.html,Mature,Ubisoft,"Action, Adventure",Ubisoft Montreal
videogame/ps2.gamespy.com/tom-clancys-splinter-cell-pandora-tomorrow.html,Teen,Ubisoft,"Action, Adventure",Ubisoft Shanghai
videogame/ps2.gamespy.com/tony-hawks-underground-2.html,Teen,Activision,Sports,Neversoft Entertainment
videogame/ps2.gamespy.com/tony-hawks-pro-skater-4.html,Teen,Activision,Sports,Neversoft Entertainment
videogame/ps2.gamespy.com/tony-hawks-underground.html,Teen,Activision,Sports,Neversoft Entertainment
videogame/ps2.gamespy.com/true-crime-streets-of-la.html,Mature,Activision,"Action, Adventure",Luxoflux Corp.
videogame/ps2.gamespy.com/meiwaku-seijin-panic-maker.html,Teen,Capcom,Action,Capcom Production Studio 4
videogame/ps2.gamespy.com/roll-call.html,Mature,Eidos Interactive,Shooter,Rocksteady Studios
videogame/ps2.gamespy.com/urban-reign.html,Teen,Namco,Action,Namco
videogame/ps2.gamespy.com/van-helsing.html,Teen,Vivendi Games,Action,Saffire
videogame/ps2.gamespy.com/wwe-smackdown-vs-raw-2.html,Teen,THQ,Wrestling,Yuke's Media Creations
videogame/ps2.gamespy.com/wwe-smackdown-vs-raw-2007.html,Teen,THQ,Wrestling,Yuke's Media Creations
videogame/ps2.gamespy.com/wwe-smackdown-shut-your-mouth.html,Teen,THQ,Wrestling,Yuke's Media Creations
videogame/ps2.gamespy.com/wwe-smackdown-6.html,Teen,THQ,Wrestling,Yuke's Media Creations
videogame/ps2.gamespy.com/orochi.html,Teen,KOEI,Action,Omega Force
videogame/ps2.gamespy.com/katamari-damacy-2.html,Everyone,Namco,Action,Namco
videogame/ps2.gamespy.com/wild-arms-another-code-f.html,Teen,XSEED Games,RPG,Media.Vision
videogame/ps2.gamespy.com/wild-arms-the-vth-vanguard.html,Teen,Sony Computer Entertainment,RPG,Media.Vision
videogame/ps2.gamespy.com/world-soccer-winning-eleven-10.html,Everyone,Konami,Sports,Konami
videogame/ps2.gamespy.com/winning-eleven-9.html,Everyone,Konami,Sports,Konami TYO
videogame/ps2.gamespy.com/worms-3d.html,Teen,Acclaim Entertainment,Strategy,Team17 Software
videogame/ps2.gamespy.com/x-men-legends.html,Teen,Activision,"Action, RPG",Raven Software
videogame/ps2.gamespy.com/x-men-z-axis.html,Teen,Activision,Action,Z-Axis
videogame/ps2.gamespy.com/xenosaga-iii.html,Teen,Namco,RPG,Monolith Software (JP)
videogame/ps2.gamespy.com/xiaolin-showdown.html,Everyone 10+,Konami,Action,BottleRocket Entertainment
videogame/ps2.gamespy.com/project-j-sega.html,Mature,SEGA,"Action, Adventure",Amusement Vision
videogame/ps2.gamespy.com/yakuza-2.html,Mature,SEGA,"Action, Adventure",Amusement Vision
videogame/ps2.gamespy.com/zatch-bell-go-go-mamono-no-fight.html,Teen,Bandai,Fighting,
videogame/ps2.gamespy.com/zatch-bell.html,Teen,Bandai,Fighting,Eighting
videogame/ps2.gamespy.com/world-tour-soccer-2005.html,Everyone,Sony Computer Entertainment,Sports,SCE Studios London